use consultation;

set foreign_key_checks  = 0;

delete from coureur;
delete from club;
delete from categorie;

delete from categorie;

insert into categorie (id, nom, ageMin, ageMax)
values ('CA', 'Cadet', 16, 17),
       ('ES', 'Espoir', 20, 22),
       ('JU', 'Junior', 18, 19),
       ('M0', 'Master 0', 35, 39),
       ('M1', 'Master 1', 40, 44),
       ('M10', 'Master 10', 85, 99),
       ('M2', 'Master 2', 45, 49),
       ('M3', 'Master 3', 50, 54),
       ('M4', 'Master 4', 55, 59),
       ('M5', 'Master 5', 60, 64),
       ('M6', 'Master 6', 65, 69),
       ('M7', 'Master 7', 70, 74),
       ('M8', 'Master 8', 75, 79),
       ('M9', 'Master 9', 80, 84),
       ('MI', 'Minime', 14, 15),
       ('SE', 'Senior', 23, 34);



insert into club (id, nom, fichier)
values ('080004', 'AMIENS UC', 'auc.png'),
       ('080014', 'US CAMON', 'camon.png'),
       ('080021', 'AMICALE DU VAL DE SOMME', 'vds.png'),
       ('080027', 'SAINT-OUEN DSL', 'dsl.png'),
       ('080028', 'ALBERT MEAULTE AEROSPA.AC', 'amaac.png'),
       ('080044', 'RUNNING CLUB DE CORBIE', 'rcc.png'),
       ('080049', 'ESPRIT RUN', 'espritrun.webp'),
       ('080061', 'VYTAJOG', 'vytajog.png'),
       ('080071', 'SPORTING CLUB ABBEVILLOIS ATHL', 'sca.png'),
       ('080045', 'PERONNE ATHLETISME CLUB', 'peronne.png'),
       ('080060', 'RUNNING CLUB ABBEVILLOIS', 'rca.png');

insert into coureur (licence, nom, prenom, sexe, dateNaissance, idClub)
values ('000010', 'JOLY', 'ALI', 'M', '1982-04-14', '080028'),
       ('000011', 'LAMRANI', 'PHILIPPE', 'M', '1990-10-01', '080044'),
       ('000012', 'COLAU', 'VALERIE', 'F', '1968-06-22', '080021'),
       ('1062520', 'GOSSELIN', 'CHRISTINE', 'F', '1968-02-14', '080049'),
       ('1062529', 'MOY', 'JACQUES', 'M', '1977-03-27', '080021'),
       ('1062531', 'ABDELKRIM', 'CHRISTOPHE', 'M', '1957-08-30', '080021'),
       ('1062538', 'MARECHAL', 'JEAN PHILIPPE', 'M', '1977-06-28', '080061'),
       ('1062540', 'COCATRIX', 'GASPARD', 'M', '1964-03-19', '080021'),
       ('1062542', 'GROSSI', 'GERALD', 'M', '1963-10-25', '080021'),
       ('1062544', 'CARANTON', 'EMMANUEL', 'M', '1967-05-21', '080021'),
       ('1062547', 'HAUTECOEUR', 'STEPHANIE', 'F', '1955-06-29', '080021'),
       ('1062612', 'LEDOUX', 'FARID', 'M', '1963-03-24', '080021'),
       ('1062615', 'PILVOIX', 'CHRISTOPHE', 'M', '1969-11-10', '080021'),
       ('1062616', 'SERRISIER', 'DAVID', 'M', '1966-10-09', '080021'),
       ('1062617', 'DUVETTE', 'FLORIAN', 'M', '1989-04-21', '080049'),
       ('1062618', 'LIBESSART', 'MARILAINE', 'F', '1963-04-21', '080021'),
       ('1062620', 'BOULAIN', 'CHLOE', 'F', '1971-11-27', '080021'),
       ('1062659', 'GILLON', 'FREDERIC', 'M', '1988-05-21', '080014'),
       ('1062670', 'CAPITANI', 'FRANCK', 'M', '1974-01-05', '080014'),
       ('1063342', 'GROSSI', 'ANNE LISE', 'F', '1973-06-13', '080021'),
       ('1063343', 'RAYON', 'PATRICK', 'M', '1967-08-23', '080021'),
       ('1063347', 'ROCHE', 'DAVID', 'M', '1962-11-27', '080021'),
       ('1064555', 'BOOMKARTNER', 'FRANCOIS', 'M', '1971-11-24', '080021'),
       ('1064889', 'PEDRON', 'ESTELLE', 'F', '1980-04-16', '080028'),
       ('1067964', 'CANON', 'HENRI', 'M', '1967-01-21', '080021'),
       ('1078681', 'NANTOIS', 'LIONEL', 'M', '1972-09-27', '080021'),
       ('1079158', 'POUTRAIN', 'JORDAN', 'M', '1963-12-22', '080021'),
       ('1080735', 'MIRVAL', 'JEAN EDOUARD', 'M', '1975-06-07', '080044'),
       ('1081918', 'NOWAK', 'FREDERIC', 'M', '1968-04-28', '080049'),
       ('1082420', 'DUFOUR', 'SANDRINE', 'F', '1989-02-06', '080044'),
       ('1084308', 'ROUCHEREAU', 'SEBASTIEN', 'M', '1961-12-14', '080021'),
       ('1086136', 'ANDRE', 'STEPHANE', 'M', '1971-02-16', '080021'),
       ('1095504', 'GAUTHIER', 'LUDOVIC', 'M', '1975-07-20', '080021'),
       ('1095945', 'VOISIN', 'DIDIER', 'M', '1967-06-07', '080021'),
       ('1095947', 'LE BOULAIR', 'KEVIN', 'M', '1974-05-24', '080021'),
       ('1102338', 'DESMARET', 'ERIC', 'M', '1990-07-20', '080028'),
       ('1102547', 'BOIZART', 'CHRISTOPHE', 'M', '1958-11-11', '080021'),
       ('1109905', 'BOURBON', 'SANDRA', 'F', '1982-09-14', '080071'),
       ('1114122', 'BELLEVILLE', 'MATTHIEU', 'M', '1977-05-12', '080014'),
       ('1114687', 'LHEUREUX', 'VALENTIN', 'M', '1980-01-06', '080014'),
       ('1115977', 'HUSS', 'ABDELMOUMAINE', 'M', '1989-11-01', '080021'),
       ('1115979', 'DALONGEVILLE', 'FREDERIC', 'M', '1988-06-22', '080021'),
       ('1119810', 'DORDAIN', 'MARIE', 'F', '1965-06-30', '080021'),
       ('1124257', 'SEGUIN', 'LIONEL', 'M', '1975-04-26', '080021'),
       ('1124414', 'LASSALLE', 'CHRISTOPHE', 'M', '1973-02-27', '080021'),
       ('1124611', 'BIVILLE', 'STEPHANE', 'M', '1994-12-18', '080028'),
       ('1134664', 'LEFEVRE', 'QUENTIN', 'M', '1963-03-27', '080049'),
       ('1145800', 'ROUSSEL', 'STEPHANE', 'M', '1976-09-12', '080014'),
       ('1149978', 'COULMONT', 'XAVIER', 'M', '1975-03-04', '080044'),
       ('1156526', 'HOORNAERT', 'BENJAMIN', 'M', '2001-09-22', '080021'),
       ('1158463', 'HOLLVILLE', 'NICOLAS', 'M', '1980-02-05', '080014'),
       ('1159220', 'MESSIO', 'JULIEN', 'M', '1977-07-08', '080021'),
       ('1165311', 'LEGRIS', 'THIERRY', 'M', '1975-12-25', '080021'),
       ('1172476', 'MONTARIOL', 'SEVERINE', 'F', '1974-05-27', '080049'),
       ('1179489', 'FECAMP', 'DIDIER', 'M', '1982-05-10', '080049'),
       ('1180115', 'LEROGNON', 'HAROUNA', 'M', '1981-06-07', '080044'),
       ('118034', 'DEJANCOURT', 'DIMITRI', 'M', '1987-06-05', '080014'),
       ('1183280', 'DECLE', 'LOUISE', 'F', '1962-01-24', '080049'),
       ('1184435', 'TELLIER', 'CHRISTOPHE', 'M', '1971-09-09', '080021'),
       ('1187974', 'GASPARINI', 'JEREMY', 'M', '1991-12-22', '080021'),
       ('1188800', 'LEGRAND', 'GUILLAUME', 'M', '1983-07-30', '080044'),
       ('1189313', 'CAPRON', 'MATHILDE', 'F', '2003-06-12', '080014'),
       ('1191078', 'PELOSO', 'SAMUEL', 'M', '1984-05-17', '080049'),
       ('1191083', 'VERMUNT', 'LAURENT', 'M', '1987-02-21', '080049'),
       ('1191092', 'CLAISSE', 'YOHAN', 'M', '1985-08-04', '080021'),
       ('1192957', 'TUVERI', 'EMMA', 'F', '1992-03-20', '080049'),
       ('1195994', 'RAYEZ', 'EMILE', 'M', '1978-05-09', '080028'),
       ('1196327', 'PRINGARBE', 'DANIEL', 'M', '1976-08-04', '080071'),
       ('120612', 'VANSUYT', 'FLORENT', 'M', '1962-10-04', '080028'),
       ('1206224', 'DHAILLE', 'VALENTIN', 'M', '1978-04-14', '080061'),
       ('1207713', 'SKUPIEN', 'EMILIE', 'F', '1975-10-18', '080044'),
       ('1209651', 'BLOT', 'BERNARD', 'M', '1983-08-09', '080021'),
       ('1209959', 'PAU ROBLOT', 'STEPHANE', 'M', '1979-07-18', '080028'),
       ('1212503', 'DELAHAYE', 'WILLIAMS', 'M', '1984-12-26', '080014'),
       ('1212555', 'CARON', 'PAUL', 'M', '1971-05-02', '080061'),
       ('1212556', 'DENEUX', 'ADELE', 'F', '1978-09-17', '080014'),
       ('1212557', 'DAVOUSE', 'NICOLAS', 'M', '1977-07-05', '080014'),
       ('1213956', 'HUMBERT', 'FREDERIC', 'M', '1983-12-08', '080004'),
       ('1214548', 'HOLLVILLE', 'SEBASTIEN', 'M', '1980-07-01', '080028'),
       ('1216712', 'BERTRAND', 'CATHY', 'F', '1981-06-15', '080021'),
       ('1217179', 'DEVISMES', 'CHARLES', 'M', '1985-08-05', '080049'),
       ('1217206', 'CHASSINE', 'LUCAS', 'M', '1985-02-16', '080021'),
       ('1217207', 'SOUFFLET', 'GREGORY', 'M', '1977-02-08', '080021'),
       ('1217329', 'GERVOISE', 'OLIVIER', 'M', '1981-07-12', '080071'),
       ('1217891', 'PINAUD', 'KEVIN', 'M', '1994-01-26', '080044'),
       ('1221034', 'VATEL', 'LAURENT', 'M', '1987-03-05', '080049'),
       ('122697', 'HOLLEVILLE', 'DELPHINE', 'F', '1999-07-02', '080014'),
       ('123148', 'DEVILLERS', 'CYRILLE', 'F', '1967-05-14', '080061'),
       ('1233503', 'LHERBIER', 'BAPTISTE', 'M', '1972-06-08', '080021'),
       ('1234354', 'PANSERI', 'ETIENNE', 'M', '2011-03-02', '080004'),
       ('1245397', 'FOSSIER', 'ALEXANDER', 'M', '1989-11-27', '080021'),
       ('1245399', 'DEGARDIN', 'CHRISTOPHE', 'M', '1985-06-22', '080049'),
       ('1246359', 'MOREL', 'NICOLAS', 'M', '1998-08-25', '080021'),
       ('1248499', 'VANHERPE', 'JACKIE', 'M', '1974-07-13', '080021'),
       ('1251762', 'BOUBERT', 'LILI', 'F', '1981-01-11', '080028'),
       ('1254657', 'CROIZE', 'CHRISTIAN', 'M', '1996-01-26', '080014'),
       ('1259972', 'DANIEL', 'DOMINIQUE', 'M', '1970-10-25', '080021'),
       ('1261871', 'DEMABRE', 'JOELLE', 'F', '1986-08-23', '080049'),
       ('126530', 'LAGUILLAUMIE', 'SEBASTIEN', 'M', '1971-01-11', '080021'),
       ('1265836', 'DUPONCHELLE', 'CHRISTOPHE', 'M', '1976-08-24', '080021'),
       ('1265896', 'BLOT', 'CHARLYNE', 'F', '2013-08-08', '080014'),
       ('1267512', 'POIDEVIN', 'CORINNE', 'F', '1983-03-25', '080021'),
       ('1267588', 'HALLIER', 'CHRISTIANE', 'F', '1979-11-20', '080014'),
       ('1269267', 'NOREL', 'AMELIE', 'F', '1986-04-21', '080044'),
       ('1284087', 'THIERRY', 'DANIELLE', 'F', '1972-12-11', '080061'),
       ('1285547', 'BENOIT', 'SEBASTIEN', 'M', '1988-03-31', '080014'),
       ('128599', 'LANFLE', 'PAULINE', 'F', '1986-06-06', '080021'),
       ('1287790', 'BIZET', 'VINCENT', 'M', '1983-10-23', '080004'),
       ('1288882', 'LEGUILLIER', 'JEAN RAYMOND', 'M', '1981-11-11', '080021'),
       ('1291516', 'BAECHER', 'BENJAMIN', 'M', '1978-05-29', '080021'),
       ('1291517', 'DELBRAYELLE', 'BRUNO', 'M', '1967-04-21', '080021'),
       ('1291718', 'LAZURE', 'SANDRINE', 'F', '1968-09-13', '080014'),
       ('1293983', 'DEPUILLE', 'JULIETTE', 'F', '2006-12-20', '080071'),
       ('1293996', 'PECOURT', 'VINCENT', 'M', '1979-02-03', '080021'),
       ('1294072', 'LEBLOND', 'DANIEL', 'M', '1996-12-13', '080004'),
       ('1294908', 'DEHAIL', 'DOMINIQUE', 'M', '1977-09-07', '080021'),
       ('1298472', 'DARRAS', 'BRUNO', 'M', '1998-01-17', '080014'),
       ('1298481', 'DEMARSEILLE', 'YANNICK', 'M', '1999-07-04', '080021'),
       ('1298930', 'NORMAND', 'NICOLAS', 'M', '1979-09-10', '080021'),
       ('1299732', 'FEUCHER', 'JEAN PIERRE', 'M', '1994-04-01', '080021'),
       ('1300664', 'BIOCHE', 'ALEXIS', 'M', '1969-05-02', '080049'),
       ('130122', 'GELLE', 'MICKAEL', 'M', '1992-12-07', '080021'),
       ('130624', 'CARLE', 'VINCENT', 'M', '1985-02-13', '080044'),
       ('1308283', 'CAZIER', 'JEAN', 'M', '1980-01-08', '080014'),
       ('1313570', 'LECLERC', 'CLAUDE', 'M', '1980-07-21', '080061'),
       ('1318788', 'LEULIER', 'PIERRE', 'M', '2008-08-09', '080004'),
       ('1320064', 'RUET', 'BEATRICE', 'F', '2014-01-04', '080014'),
       ('1320710', 'MARCHEUX', 'FANNY', 'F', '1968-12-31', '080028'),
       ('1322514', 'BODECOT', 'FANNY', 'F', '2009-12-11', '080071'),
       ('1326968', 'ELMEMARI PUBLIO', 'JEROME', 'M', '2013-10-26', '080044'),
       ('1329365', 'ALFRED', 'DAVID', 'M', '1982-10-02', '080021'),
       ('1337730', 'HATIF', 'PHILIPPE', 'M', '1961-11-07', '080028'),
       ('1362979', 'FERNET', 'CATHERINE', 'F', '1977-07-29', '080044'),
       ('1364950', 'CLAISSE', 'CLAUDINE', 'F', '2001-06-06', '080014'),
       ('1374023', 'MALASSAGNE', 'CHRISTELLE', 'F', '1978-11-19', '080049'),
       ('1374123', 'PRONIEZ', 'NATHALIE', 'F', '1969-12-07', '080014'),
       ('1375527', 'DEZENCLOS', 'GUILLAUME', 'M', '1986-06-26', '080014'),
       ('1375528', 'BELHADI', 'ANTOINE', 'M', '1977-06-04', '080021'),
       ('1375530', 'DEMILLY', 'JULIETTE', 'F', '1994-08-20', '080021'),
       ('1375582', 'VERMES', 'ALAN', 'M', '1986-01-15', '080049'),
       ('1380403', 'GEORGES', 'CLOE', 'F', '2010-05-05', '080071'),
       ('1380506', 'LARGILLERE', 'MATTHIEU', 'M', '1973-11-23', '080028'),
       ('1380509', 'LEFEBVRE', 'HELENE', 'F', '1975-07-25', '080028'),
       ('1383314', 'GRISONI', 'STEPHANE', 'M', '1990-07-18', '080021'),
       ('1383397', 'LARUELLE', 'AKIM', 'M', '1987-06-11', '080004'),
       ('1384725', 'MICHAU', 'MELANY', 'F', '1965-07-08', '080061'),
       ('1384729', 'CASCALES', 'THEO', 'M', '1959-03-21', '080061'),
       ('1384737', 'LISEK', 'AURELIEN', 'M', '1960-10-11', '080061'),
       ('1385778', 'DENIN', 'MATHIEU', 'M', '1990-02-12', '080021'),
       ('1387002', 'REMY', 'LAURENT', 'M', '1985-07-09', '080049'),
       ('1388149', 'DUBOIS', 'CORINNE', 'F', '1984-09-25', '080049'),
       ('1390589', 'FEURTE', 'DENIS', 'M', '1982-05-02', '080021'),
       ('1392367', 'GAZEAU', 'REGINE', 'F', '1980-03-04', '080061'),
       ('1392394', 'CASCALES', 'CLEMENT', 'M', '1993-08-23', '080049'),
       ('1392412', 'BOURGOIS', 'SAMUEL', 'M', '1995-12-10', '080028'),
       ('1392922', 'MARTIN', 'ARNAUD', 'M', '1977-05-20', '080021'),
       ('1393882', 'URBANIAK', 'HUBERT', 'M', '2008-12-12', '080014'),
       ('1395981', 'ITSWEIRE', 'BRUNO', 'M', '1985-11-15', '080014'),
       ('1400912', 'GALLAIS', 'MAURAD', 'M', '1960-08-01', '080021'),
       ('1408373', 'NOLLET', 'CHARLOTTE', 'F', '1990-10-18', '080044'),
       ('1410136', 'CARANTON', 'VINCENT', 'M', '2011-01-20', '080004'),
       ('1410229', 'LONGCHAMP', 'GEOFFREY', 'M', '1966-05-09', '080021'),
       ('1411882', 'LEBON', 'TEDDY', 'M', '1995-12-02', '080021'),
       ('1415727', 'BOURSE', 'VALERIE', 'F', '1996-01-24', '080061'),
       ('1419551', 'PECOURT', 'MARTINE', 'F', '1977-07-06', '080021'),
       ('1419989', 'THUILLIER', 'LAURINE', 'F', '2009-07-27', '080004'),
       ('1422043', 'LECLERC', 'FREDERIC', 'M', '1985-03-04', '080028'),
       ('1427567', 'DUQUENHEM', 'JEAN PIERRE', 'M', '1967-01-10', '080061'),
       ('1427762', 'BOUCHER', 'NELLY', 'F', '1984-08-10', '080021'),
       ('1431360', 'TINENCOURT', 'ERIC', 'M', '2012-09-30', '080044'),
       ('1432000', 'JOLY', 'AMANDINE', 'F', '2012-02-09', '080044'),
       ('143607', 'DUHAUPAS', 'TONY', 'M', '1980-06-04', '080014'),
       ('1437575', 'VASSEUR', 'MAGALI', 'F', '1975-01-12', '080044'),
       ('1437576', 'BATTE', 'JEAN PAUL', 'M', '1969-12-28', '080044'),
       ('1444561', 'OLIVIER', 'NATHALIE', 'F', '1981-09-08', '080044'),
       ('1448306', 'LECAT', 'CLAUDINE', 'F', '1986-12-16', '080044'),
       ('1448651', 'MUCHEMBLED', 'BENOIT', 'M', '1971-12-22', '080061'),
       ('1451480', 'MACQUART', 'SMAEL', 'M', '1995-02-21', '080049'),
       ('1452626', 'RINGARD', 'JUSTIN', 'M', '1980-03-02', '080049'),
       ('1454498', 'BOULAIN', 'JEREMY', 'M', '1985-03-17', '080014'),
       ('1454567', 'BOURDILLON', 'OLIVIER', 'M', '1985-01-06', '080044'),
       ('1457112', 'FLAUTRE', 'ALEXANDRE', 'M', '1987-06-20', '080021'),
       ('1461132', 'GILLE', 'OMEYA', 'F', '1987-12-10', '080021'),
       ('1461133', 'MERCIER', 'HELENE', 'F', '1970-12-25', '080021'),
       ('1461174', 'DEBUSSCHER', 'BRUNO', 'M', '1976-05-08', '080021'),
       ('1461175', 'DOS SANTOS', 'CHUNG LAM', 'F', '1978-01-17', '080021'),
       ('1461184', 'RICHE', 'PHILIPPE', 'M', '1981-03-15', '080014'),
       ('1464826', 'PENEL', 'PASCAL', 'M', '1985-04-01', '080021'),
       ('1465371', 'FLAN', 'MELANIE', 'F', '1993-05-04', '080049'),
       ('1469047', 'MONTARDIER', 'CHRISTOPHE', 'M', '1977-04-21', '080004'),
       ('1478328', 'DHEILLY', 'PASCALE', 'F', '1985-07-09', '080014'),
       ('1491169', 'BELET', 'ISABELLE', 'F', '2009-02-25', '080004'),
       ('1494697', 'LEBEAU', 'QUENTIN', 'M', '2007-07-10', '080044'),
       ('1497288', 'HILEY', 'JONATHAN', 'M', '2009-07-18', '080014'),
       ('1499899', 'LEBESGUE', 'ANDRE', 'M', '2006-05-05', '080044'),
       ('1501621', 'SELLEZ', 'ANNIE', 'F', '1982-03-02', '080021'),
       ('1505752', 'DUBREUCQ', 'RAYMOND', 'M', '1982-01-21', '080027'),
       ('1512477', 'MELIQUE', 'JADE', 'F', '1988-05-29', '080044'),
       ('1512510', 'VANSUYT', 'MEGANNE', 'F', '1978-05-02', '080021'),
       ('1516301', 'ZAMBELLI', 'JULIEN', 'M', '1989-09-24', '080021'),
       ('1516306', 'DEKERVEL', 'MARIE', 'F', '1992-08-15', '080021'),
       ('1519038', 'QUEFFELEC', 'JEAN MARIE', 'M', '2010-02-14', '080044'),
       ('1520358', 'SAULDUBOIS KELLER', 'KARINE', 'F', '1971-05-08', '080061'),
       ('1520443', 'PARAGE', 'LAETITIA', 'F', '1981-08-25', '080021'),
       ('1526008', 'POLOSSE', 'MARIANNE', 'F', '2007-11-29', '080004'),
       ('1526914', 'STROH', 'FREDERIC', 'M', '1982-06-15', '080021'),
       ('1528964', 'DOUTART', 'GREGORY', 'M', '1981-05-03', '080014'),
       ('1531258', 'LEFEVRE', 'CATHERINE', 'F', '1978-05-01', '080061'),
       ('1534200', 'ZOUAD', 'SOPHIE', 'F', '1979-03-12', '080014'),
       ('1535411', 'LAMPAERT', 'HELENE', 'F', '1986-12-10', '080061'),
       ('1541742', 'DELAFOSSE', 'SEBASTIEN', 'M', '1985-07-07', '080014'),
       ('1543128', 'HUANT LEPINE', 'FABIEN', 'M', '1986-03-21', '080021'),
       ('1545211', 'CLERENTIN', 'MARYVONNE', 'F', '1984-08-12', '080021'),
       ('1546118', 'DEWITTE', 'JULIEN', 'M', '1965-04-18', '080021'),
       ('1548026', 'MOREL', 'JULIE', 'F', '1981-03-12', '080021'),
       ('1548505', 'BISSIERE', 'FREDERIC', 'M', '1978-04-28', '080021'),
       ('1548728', 'MROZINSKI', 'HUGO', 'M', '1985-12-20', '080021'),
       ('1555730', 'DRUEZ', 'HELENE', 'F', '1991-03-12', '080021'),
       ('1555731', 'LECLERCQ', 'AMELINE', 'F', '1967-12-22', '080021'),
       ('1555733', 'BATTEZ', 'FRANCK', 'M', '1968-03-21', '080021'),
       ('1555734', 'OGER', 'CHRISTELLE', 'F', '1987-01-08', '080014'),
       ('1556154', 'DEBEAUVAIS', 'MAXIMILIEN', 'M', '1985-05-18', '080021'),
       ('1556159', 'VICART', 'CLEMENT', 'M', '2008-06-26', '080014'),
       ('1556546', 'FERNANDES', 'PHILIPPE', 'M', '1986-03-23', '080014'),
       ('1557051', 'BRUCHE', 'CLEMENT', 'M', '1981-08-11', '080021'),
       ('1558185', 'CARREZ', 'MICHEL', 'M', '1987-10-01', '080014'),
       ('1558812', 'MOREIRA', 'ALISA', 'F', '1974-05-07', '080061'),
       ('1558815', 'MELLOR', 'OLIVIER', 'M', '1974-11-18', '080061'),
       ('1559271', 'PHUNG', 'EMILIE', 'F', '1985-10-13', '080028'),
       ('1560332', 'BOUZRAR', 'PHILIPPE', 'M', '2007-09-27', '080004'),
       ('1563280', 'LEFEBVRE', 'PASCAL', 'M', '2014-03-15', '080071'),
       ('1567034', 'BELLET', 'CLAUDE', 'M', '1993-08-21', '080021'),
       ('1571497', 'PERRAI', 'ALIX', 'F', '1984-02-21', '080044'),
       ('1573082', 'HUCLEUX', 'ARNAUD', 'M', '1977-04-20', '080061'),
       ('1573378', 'DUBUC', 'STEPHANE', 'M', '1993-05-07', '080021'),
       ('1573416', 'DESMAREST', 'CATHERINE', 'F', '1982-06-07', '080014'),
       ('1573449', 'FLAHAUT', 'OLIVIER', 'M', '2009-08-08', '080014'),
       ('1574377', 'NANTOIS', 'FLORIANE', 'F', '1985-11-13', '080021'),
       ('1575525', 'BOIDIN', 'EMILIE', 'F', '1988-08-17', '080021'),
       ('1576423', 'LOLEKO MBOYO', 'FREDERIC', 'M', '1986-02-12', '080021'),
       ('1580302', 'EUGENE', 'CYRIL', 'M', '1984-10-16', '080061'),
       ('1581450', 'DUPONCHEL', 'CYRIL', 'M', '1982-09-06', '080014'),
       ('1589422', 'VERMUNT', 'FREDERIQUE', 'F', '1995-03-01', '080044'),
       ('1596432', 'BUIGNET', 'AUDE', 'F', '1995-03-04', '080021'),
       ('1596741', 'JORON', 'CHRISTOPHE', 'M', '1978-09-13', '080028'),
       ('1597469', 'ROUCHEREAU', 'NICOLAS', 'M', '1985-06-05', '080049'),
       ('1599459', 'HERMANT', 'DOROTHEE', 'F', '1971-10-15', '080049'),
       ('1602943', 'KELLER', 'MARIE', 'F', '2005-07-14', '080004'),
       ('1608045', 'FLORIN', 'MENAD', 'M', '1979-01-09', '080027'),
       ('1608046', 'TROQUENET', 'FREDERIC', 'M', '1972-12-30', '080027'),
       ('1608065', 'FREIH', 'BENOIT', 'M', '1977-03-07', '080027'),
       ('1617428', 'CARPENTIER', 'SEBASTIEN', 'M', '1983-06-18', '080027'),
       ('1621186', 'CAUMARTIN', 'ALINE', 'F', '1991-05-14', '080044'),
       ('1623013', 'VANHUSE', 'TAHAR', 'M', '1991-02-13', '080049'),
       ('1624920', 'OLIVIER', 'PHILIPPE', 'M', '2012-09-18', '080028'),
       ('1625159', 'PICQUE', 'ARNAUD', 'M', '2006-04-01', '080049'),
       ('1625941', 'BLED', 'JEAN MARC', 'M', '1987-11-06', '080021'),
       ('1625974', 'RUTTEN', 'THEO', 'M', '1994-01-29', '080071'),
       ('1627243', 'MAGNIER', 'SOPHIE', 'F', '2009-05-01', '080071'),
       ('1633850', 'KADDOURI', 'SARAH', 'F', '2013-01-10', '080014'),
       ('1639858', 'LOUEY', 'AURORE', 'F', '1990-03-08', '080049'),
       ('1640606', 'TEURKI', 'MARINA', 'F', '1976-07-11', '080049'),
       ('1645137', 'VIDAL', 'CORENTIN', 'M', '1992-07-28', '080004'),
       ('1646360', 'DOMINGUES ALVES', 'ISABELLE', 'F', '1981-11-29', '080014'),
       ('1649266', 'GAY', 'THIERRY', 'M', '2011-08-17', '080004'),
       ('1650342', 'HONORE', 'GREGORY', 'M', '1997-02-20', '080021'),
       ('1650344', 'ROUSSEL', 'JEAN YVES', 'M', '1964-06-17', '080021'),
       ('1650409', 'ABDESMED', 'AGNES', 'F', '1996-09-25', '080021'),
       ('1650412', 'DACHEUX', 'BASTIEN', 'M', '1964-02-09', '080021'),
       ('1650419', 'DELCROS', 'MARIE ODILE', 'F', '1996-07-11', '080021'),
       ('1650837', 'VASSEUR', 'LAURENT', 'M', '1982-04-09', '080049'),
       ('1650843', 'TRANCART', 'SAID', 'M', '1996-07-23', '080021'),
       ('1650846', 'DELAMBRE', 'FRANCK', 'M', '2012-05-02', '080014'),
       ('1651105', 'DHUBERT', 'FRANCINE', 'F', '1994-08-09', '080061'),
       ('1651626', 'DEGAVRE', 'PATRICE', 'M', '1988-12-28', '080049'),
       ('1651641', 'THIERRY', 'MICHEL', 'M', '1990-12-26', '080021'),
       ('1651695', 'VALERS', 'SABINE', 'F', '1979-11-01', '080049'),
       ('1651809', 'BOUGIS', 'SEBASTIEN', 'M', '1985-01-15', '080021'),
       ('1652282', 'MURAZ', 'BRUNO', 'M', '1996-02-17', '080044'),
       ('1652756', 'DELAPORTE', 'AMELIE', 'F', '1984-05-18', '080021'),
       ('1653131', 'CARON', 'FABIENNE', 'F', '2001-03-06', '080049'),
       ('1653146', 'DOLLE', 'LAURENT', 'M', '1983-12-02', '080021'),
       ('1653708', 'DELIENS', 'VINCENT', 'M', '1993-08-28', '080028'),
       ('1653712', 'CAUET', 'AGATHE', 'F', '1997-01-04', '080028'),
       ('1656066', 'JOLY', 'FRANCOIS', 'M', '2001-06-06', '080049'),
       ('1657465', 'DALONGEVILLE', 'ODILE', 'F', '1991-06-27', '080021'),
       ('165915', 'LEDUC', 'OLIVIER', 'M', '1978-10-13', '080014'),
       ('1659847', 'MERCIER', 'PASCAL', 'M', '1989-03-12', '080021'),
       ('1660844', 'JOUBERT', 'GUILLAUME', 'M', '1973-07-25', '080021'),
       ('1662139', 'BRIOIS', 'MARTINE', 'F', '1983-07-01', '080021'),
       ('1662143', 'DEMARLE', 'YVES ANDRE', 'M', '1981-08-25', '080014'),
       ('1664389', 'DUPONT', 'MICHAEL', 'M', '1981-07-31', '080014'),
       ('1664416', 'MOREIRA', 'CYRIL', 'M', '1979-10-25', '080014'),
       ('1664780', 'LADENT', 'GREGORY', 'M', '1968-09-15', '080021'),
       ('1668502', 'DUPUIS', 'ANTOINE', 'M', '1994-01-13', '080044'),
       ('1672765', 'GIBOULET', 'PIERRE', 'M', '1970-11-10', '080028'),
       ('1676555', 'NOURTIER', 'PEGGY', 'F', '2000-04-13', '080004'),
       ('1680382', 'BIGARNET', 'ERIC', 'M', '1965-10-01', '080028'),
       ('1681145', 'FERKIOUI', 'ROMUALD', 'M', '1982-02-21', '080028'),
       ('1696704', 'GELE', 'LAETITIA', 'F', '1982-03-28', '080027'),
       ('1699766', 'HAVRET', 'LUDOVIC', 'M', '1985-03-06', '080014'),
       ('1701942', 'BIALAIS', 'GUILLAUME', 'M', '1978-07-06', '080044'),
       ('1701966', 'MERLIN', 'DIMITRI', 'M', '2012-04-12', '080044'),
       ('1705876', 'SAVOYE', 'FLORENCE', 'F', '1982-11-01', '080061'),
       ('1705993', 'DUVIELGUERBIGNY', 'JEAN MARIE', 'M', '2013-12-12', '080028'),
       ('1712074', 'MACQUET', 'SEBASTIEN', 'M', '1977-01-10', '080049'),
       ('1712076', 'CAPART', 'MARIE', 'F', '1979-12-27', '080049'),
       ('1715014', 'GRISONI', 'TEDDY', 'M', '1970-07-20', '080044'),
       ('1720390', 'MASSE', 'GAETAN', 'M', '1971-03-17', '080028'),
       ('1721061', 'BIVILLE', 'MATTHIEU', 'M', '1995-12-16', '080004'),
       ('1723153', 'TROUILLET', 'FABIOLA', 'F', '1984-03-24', '080014'),
       ('1733001', 'WISCART', 'GUILLAUME', 'M', '1983-08-27', '080061'),
       ('1735670', 'LECLERC', 'SARAH', 'F', '1979-01-08', '080014'),
       ('1736229', 'DELEFOLLY', 'EDDY', 'M', '2000-09-09', '080044'),
       ('1736848', 'LECOIN', 'ELISA', 'F', '1974-11-05', '080021'),
       ('1738243', 'ROBLIN', 'MARIE', 'F', '1988-12-03', '080021'),
       ('1738246', 'HANNECART', 'JULIEN', 'M', '1975-06-08', '080021'),
       ('1740840', 'VASSEUR', 'VIRGINIE', 'F', '1981-08-01', '080021'),
       ('1743576', 'VUE', 'ROBERT', 'M', '1989-03-14', '080014'),
       ('1744274', 'CHESNEAU', 'JEAN LUC', 'M', '1985-07-26', '080021'),
       ('1744303', 'MASCRE', 'CAMILLE', 'F', '1990-08-01', '080014'),
       ('1747422', 'KELLER', 'MELISSA', 'F', '1982-06-28', '080021'),
       ('1747675', 'PAYEN', 'PASCAL', 'M', '1989-06-05', '080021'),
       ('1747791', 'LEGRAND', 'MARC', 'M', '1995-04-29', '080021'),
       ('1748379', 'DUVERNE', 'DOROTHEE', 'F', '2007-09-30', '080027'),
       ('1749441', 'MAGHRAOUI', 'DAVID', 'M', '1967-11-15', '080021'),
       ('1750495', 'PERNEL', 'AGNES', 'F', '1980-05-04', '080014'),
       ('1751038', 'LECOMTE', 'ANGELIQUE', 'F', '1985-10-06', '080021'),
       ('1752261', 'RINGARD', 'FRANCIS', 'M', '1988-02-24', '080071'),
       ('1754552', 'LEFEVRE', 'GAEL', 'M', '1997-07-01', '080014'),
       ('1754592', 'SEGUIN', 'MARION', 'F', '1973-12-09', '080027'),
       ('1754702', 'OMS', 'PASCAL', 'M', '1983-12-28', '080014'),
       ('1754870', 'SOW', 'SYLVIE', 'F', '1994-10-24', '080021'),
       ('1755734', 'ANSARD', 'AHMED', 'M', '1992-09-26', '080004'),
       ('1756062', 'SOUFFLET', 'DOMINIQUE', 'M', '1992-11-17', '080021'),
       ('1756069', 'BOUCHER', 'FABIEN', 'M', '1980-08-26', '080021'),
       ('1756075', 'MAGHRAOUI', 'GREGORY', 'M', '1981-05-08', '080021'),
       ('1756081', 'DHERSE', 'BRIGITTE', 'F', '1988-12-17', '080021'),
       ('1756085', 'PAUCHET', 'LUDOVIC', 'M', '1986-02-22', '080021'),
       ('1756092', 'TRANCART', 'MELVYN', 'M', '2005-08-23', '080021'),
       ('1756431', 'HONORE', 'CYRIL', 'M', '2000-05-25', '080028'),
       ('1756436', 'DURAND', 'THOMAS', 'M', '1974-10-08', '080021'),
       ('1756448', 'FEURTE', 'XAVIER', 'M', '1988-11-02', '080021'),
       ('1756890', 'HARASSE', 'ANTOINE', 'M', '1988-11-30', '080049'),
       ('1758145', 'OGER', 'ELVIS', 'M', '1993-07-26', '080021'),
       ('1758165', 'BETTAN', 'CLEMENT', 'M', '1976-08-31', '080061'),
       ('1759148', 'WYCKAERT', 'DENIS', 'M', '1970-10-07', '080014'),
       ('1759297', 'MARTIN', 'THIERRY', 'M', '1988-08-11', '080021'),
       ('1761615', 'DECOBERT', 'CHRISTELLE', 'F', '1982-11-14', '080061'),
       ('1765457', 'LEFEBVRE', 'VALERIE', 'F', '1980-03-21', '080028'),
       ('1765469', 'BORCK', 'FRANCOIS', 'M', '1986-07-02', '080028'),
       ('1765475', 'BLIN LEFEVRE', 'EMMANUEL', 'M', '1993-04-10', '080028'),
       ('1766038', 'DELBRAYELLE', 'MARTIAL', 'M', '1982-11-03', '080071'),
       ('1770185', 'DAMAY', 'PAUL', 'M', '1974-09-28', '080028'),
       ('1770629', 'COUNE', 'LIONEL', 'M', '1998-02-05', '080004'),
       ('1770639', 'COUPEL', 'SOPHIE', 'F', '2001-11-19', '080004'),
       ('1771251', 'LAFFORGUE', 'FRANCK', 'M', '2003-12-12', '080049'),
       ('1772143', 'ROBILLARD', 'FREDERIC', 'M', '1975-06-22', '080044'),
       ('1772159', 'DENEL', 'GREGORY', 'M', '1977-10-05', '080044'),
       ('1775061', 'LEFERT', 'SEBASTIEN', 'M', '1994-10-14', '080021'),
       ('1775139', 'SZCZEPANIAK', 'THIBAUT', 'M', '1984-01-26', '080061'),
       ('1775746', 'MALGARINI', 'SANDRINE', 'F', '1982-09-22', '080004'),
       ('1778656', 'HERMITTE', 'SANDRINE', 'F', '1990-03-13', '080021'),
       ('1778661', 'RUDNICKI', 'SAMUEL', 'M', '1988-12-02', '080021'),
       ('1781239', 'GORDOR', 'JEAN PAUL', 'M', '1980-03-08', '080028'),
       ('1792911', 'COZETTE', 'ALAIN', 'M', '1987-09-16', '080028'),
       ('1794059', 'GERU', 'SABINE', 'F', '1982-08-18', '080014'),
       ('1794083', 'DETOURNAY', 'FRANCK', 'M', '1989-08-24', '080014'),
       ('1798662', 'VIOT', 'GAETAN', 'M', '1968-06-06', '080061'),
       ('1806101', 'NORMAND', 'LAETITIA', 'F', '1983-02-06', '080044'),
       ('181039', 'BARBIER', 'ROBERT', 'M', '1977-02-26', '080021'),
       ('1811817', 'FONTAINE', 'MATHILDE', 'F', '1975-09-21', '080061'),
       ('1821572', 'SCHMUCK', 'JEAN PHILIPPE', 'M', '1976-04-02', '080021'),
       ('1823351', 'HEIN', 'CELINE', 'F', '1994-07-13', '080028'),
       ('1824725', 'MOREL', 'CAMILLE', 'F', '1983-01-06', '080014'),
       ('1824728', 'ELIAS', 'MYRIAM', 'F', '1983-07-17', '080044'),
       ('1825711', 'ABDELKARIM', 'SANDRA', 'F', '1978-12-25', '080061'),
       ('1829277', 'FATIER', 'DOMINIQUE', 'M', '1994-09-21', '080004'),
       ('1833298', 'POUSSET', 'CHRISTOPHE', 'M', '2000-06-04', '080044'),
       ('1834038', 'TROGNEUX', 'OLIVIER', 'M', '1992-06-15', '080044'),
       ('1837207', 'EL MOURTAFI', 'ALEXIS', 'M', '1992-08-14', '080028'),
       ('1838144', 'DEFOSSE', 'THIERRY', 'M', '1992-09-18', '080028'),
       ('1843376', 'LALOI', 'CHRISTOPHE', 'M', '2007-04-20', '080004'),
       ('1846416', 'DECLERCQ', 'CLEMENT', 'M', '1968-10-11', '080028'),
       ('1848332', 'GAY', 'PASCALINE', 'F', '1965-02-05', '080061'),
       ('1848911', 'RINGARD', 'VALERIE', 'F', '1980-01-22', '080014'),
       ('1849840', 'DIETRICH', 'NATHALIE', 'F', '1997-06-26', '080021'),
       ('1850427', 'PODJUK', 'ALEXANDRE', 'M', '1994-06-25', '080021'),
       ('1850972', 'VARLET', 'THOMAS', 'M', '1980-08-21', '080021'),
       ('1851962', 'BAILLET', 'MOHAMED', 'M', '2008-06-26', '080014'),
       ('1855206', 'GERARD', 'SEBASTIEN', 'M', '1990-01-31', '080021'),
       ('1860513', 'DASSE', 'CHRISTOPHE', 'M', '1992-08-18', '080044'),
       ('1861421', 'DEKOONINCK', 'CHRISTOPHE', 'M', '1989-12-20', '080049'),
       ('1862015', 'DUHAMEL', 'ANAIS', 'F', '1992-11-08', '080021'),
       ('1862020', 'CAULET', 'YOHANN', 'M', '1993-08-09', '080021'),
       ('1862024', 'MORELLE', 'ALI', 'M', '2003-12-13', '080021'),
       ('1862358', 'BREHON', 'JEAN MICHEL', 'M', '1989-11-23', '080021'),
       ('1862369', 'QUENTIN', 'FRANCK', 'M', '1980-06-04', '080021'),
       ('1862374', 'BALDE', 'MATHIEU', 'M', '1990-06-08', '080021'),
       ('1862383', 'FOURMANOIR', 'CELINE', 'F', '2012-01-14', '080021'),
       ('1862419', 'SIMIONI', 'DIDIER', 'M', '1994-11-10', '080014'),
       ('1862870', 'CATHARY', 'JEAN JACQUES', 'M', '1997-10-11', '080004'),
       ('1863249', 'BOUMEDIENE', 'QUENTIN', 'M', '1979-05-26', '080021'),
       ('1863279', 'SUEL', 'LOIC', 'M', '1981-02-14', '080049'),
       ('1863322', 'EVEN', 'ARNAUD', 'M', '1983-03-17', '080061'),
       ('1863392', 'LOPES LAMY', 'MAXIMILIEN', 'M', '1973-04-10', '080061'),
       ('1863748', 'DELANGUE', 'MICHAEL', 'M', '1986-11-30', '080028'),
       ('1864251', 'LOBBE', 'KENJI', 'M', '1977-06-05', '080021'),
       ('1864512', 'AVISSE', 'CHRISTOPHE', 'M', '1977-06-23', '080071'),
       ('1865251', 'TABARY', 'SEVERINE', 'F', '2005-08-16', '080004'),
       ('1865352', 'PERON', 'BERNARD', 'M', '1992-09-18', '080014'),
       ('1866869', 'MARRAS', 'CATHERINE', 'F', '1984-08-13', '080049'),
       ('1866891', 'GOSSELIN', 'REMI', 'M', '1987-07-02', '080021'),
       ('1867354', 'BOIDIN', 'YANNICK', 'M', '1998-12-28', '080021'),
       ('1874064', 'BOUCHOUCHA', 'VALERIE', 'F', '1988-01-13', '080021'),
       ('1875202', 'HAMIEZ', 'CLAIRE', 'F', '1993-12-15', '080044'),
       ('1878810', 'MAGNIEZ', 'ELODIE', 'F', '1981-03-04', '080014'),
       ('1878820', 'VERDIER', 'GIUSEPPINA', 'F', '1983-09-18', '080014'),
       ('1879381', 'DELEPINE', 'CEDRIC', 'M', '1990-08-28', '080021'),
       ('1880311', 'TRAN VAN', 'GILLES', 'M', '1980-12-14', '080071'),
       ('1885501', 'DUBUC', 'MORGAN', 'M', '2008-07-15', '080071'),
       ('1886800', 'MARTIN', 'STEPHANE', 'M', '1992-04-19', '080049'),
       ('1888097', 'SKRZYPCZAK', 'STEPHANIE', 'F', '1983-01-05', '080049'),
       ('1888450', 'GIBOULET', 'VIRGINIE', 'F', '1980-05-16', '080061'),
       ('1888505', 'LEFEVRE', 'CANDICE', 'F', '1991-04-14', '080014'),
       ('1888688', 'MARGOTIN', 'MICHELE', 'F', '2014-07-05', '080071'),
       ('1894249', 'RENSON', 'DAVID', 'M', '1995-02-20', '080028'),
       ('1897118', 'LEROY', 'EMMANUEL', 'M', '1976-05-12', '080028'),
       ('189917', 'LARTIQUE', 'MARYLENE', 'F', '1986-10-12', '080021'),
       ('1901160', 'DEMARCY', 'JEAN MARC', 'M', '2010-11-05', '080071'),
       ('1903552', 'RICQUE', 'BENJAMIN', 'M', '1981-05-29', '080028'),
       ('1906509', 'GHANDAOUI', 'JEROME', 'M', '1989-03-05', '080021'),
       ('1906524', 'THEVENIN LEBRAN', 'LIONEL', 'M', '1987-08-11', '080021'),
       ('1907396', 'RICHARD', 'SALOME', 'F', '2011-03-10', '080004'),
       ('1907409', 'POTAGE', 'PHILIPPE', 'M', '2012-01-23', '080004'),
       ('1907451', 'PIGNON', 'RENAUD', 'M', '2013-07-13', '080004'),
       ('1907474', 'DUPAS', 'DANIA', 'F', '1988-04-24', '080049'),
       ('1907521', 'RUIS', 'CONSTANCE', 'F', '2007-07-04', '080049'),
       ('1914570', 'BELLEMERE', 'LAURENCE', 'F', '2010-01-16', '080004'),
       ('1914576', 'FLAMENT', 'DANIEL', 'M', '1980-09-05', '080061'),
       ('1914588', 'BERNARD', 'RENAUD', 'M', '1974-06-30', '080061'),
       ('1914596', 'DESCAMPS', 'CLAIRE', 'F', '1977-04-03', '080061'),
       ('1918777', 'CADET', 'BERTRAND', 'M', '1994-10-08', '080028'),
       ('1918890', 'TRAN VAN', 'FLORENT', 'M', '1993-01-19', '080021'),
       ('1921049', 'DEBRAY', 'LISE', 'F', '1987-09-24', '080061'),
       ('1925380', 'COLLIN', 'CHLOE', 'F', '2011-05-24', '080014'),
       ('1933244', 'BELLET', 'MARIE CELESTE', 'F', '1979-01-12', '080014'),
       ('1938261', 'LAFORGUE', 'JULIEN', 'M', '2013-12-31', '080004'),
       ('1938663', 'THERON', 'OLIVIER', 'M', '1962-07-27', '080061'),
       ('1938724', 'SERAFFIN', 'MAXIME', 'M', '1988-03-20', '080021'),
       ('1940013', 'RAUX', 'SOLENE', 'F', '2011-05-02', '080004'),
       ('1940956', 'VIOT', 'AURELIE', 'F', '1991-05-01', '080044'),
       ('1941456', 'LEGUILLIER', 'DAMIEN', 'M', '1983-08-05', '080044'),
       ('1942432', 'FAUCHEUX', 'CLEMENCE', 'F', '1986-11-02', '080071'),
       ('1944439', 'LEGRIS', 'GERARD', 'M', '1986-04-28', '080021'),
       ('1945880', 'BIGOT', 'STEPHANE', 'M', '1992-01-31', '080049'),
       ('1946329', 'GALET', 'VERONIQUE', 'F', '1984-01-24', '080071'),
       ('194981', 'LEDREUX', 'JEAN', 'M', '1969-10-06', '080044'),
       ('1951380', 'PATTE', 'VIRGINIE', 'F', '1985-01-13', '080044'),
       ('1953193', 'MIART', 'SYLVIE', 'F', '2000-07-13', '080049'),
       ('1954511', 'DAMIENS', 'JENNIFER', 'F', '1987-05-08', '080027'),
       ('1955850', 'BOULNOIS', 'DOMINIQUE', 'M', '2011-02-21', '080071'),
       ('1957144', 'BOIZART', 'OLIVIER', 'M', '1980-07-29', '080049'),
       ('1958133', 'LENAFF', 'VERONIQUE', 'F', '1998-07-24', '080049'),
       ('1958202', 'COUDEVYLLE', 'OLIVIER', 'M', '1985-11-16', '080028'),
       ('1958933', 'CAZIER', 'JULIE', 'F', '2003-09-29', '080004'),
       ('1959344', 'LAURENT', 'JOSE', 'M', '2010-03-19', '080028'),
       ('1960005', 'LANNOY', 'ELISE', 'F', '1989-08-12', '080014'),
       ('1960218', 'VERMES', 'JACQUES', 'M', '2004-03-09', '080028'),
       ('1960631', 'POQUET', 'PATRICE', 'M', '1987-12-30', '080004'),
       ('1961962', 'MORELLE', 'GEOFFREY', 'M', '1983-07-15', '080014'),
       ('1962493', 'GODOT', 'CLAUDE', 'M', '1994-11-27', '080021'),
       ('1963547', 'MAHIEUX', 'ALISON', 'F', '1984-03-23', '080021'),
       ('1963548', 'HECART', 'CHRISTINE', 'F', '1989-05-28', '080021'),
       ('1964326', 'BENOIT', 'DIDIER', 'M', '2007-07-26', '080004'),
       ('1964597', 'HENONIN', 'RUDY', 'M', '2011-04-27', '080071'),
       ('1964697', 'MONNIER', 'CHRISTOPHE', 'M', '1982-07-28', '080021'),
       ('1965024', 'BOETTE', 'YANNICK', 'M', '1988-09-28', '080021'),
       ('1966872', 'LEGRIS', 'ELISABETH', 'F', '1978-05-23', '080021'),
       ('1966884', 'ROHAUT', 'ALAIN', 'M', '1989-03-01', '080027'),
       ('1966901', 'COZETTE', 'JULIEN', 'M', '1993-06-13', '080021'),
       ('1967364', 'DELBRAYELLLE', 'OLIVIER', 'M', '1975-06-20', '080004'),
       ('1967656', 'VIEIRA', 'CAMILLE', 'F', '1987-01-05', '080021'),
       ('1967907', 'FAY', 'JEAN PAUL', 'M', '1985-12-02', '080028'),
       ('1967945', 'MONTARIOL', 'VANESSA', 'F', '1997-07-30', '080061'),
       ('1967946', 'RABHI', 'TIFFANY', 'F', '1996-09-16', '080061'),
       ('1967969', 'LAMOTTE', 'CATHERINE', 'F', '1989-03-16', '080061'),
       ('1968181', 'ROSE', 'ERIC', 'M', '1993-03-21', '080014'),
       ('1968682', 'CHICHERY', 'VIRGINIE', 'F', '2009-06-10', '080028'),
       ('1968944', 'BARIS', 'BENOIT', 'M', '1993-04-24', '080014'),
       ('1969070', 'BASIN', 'PATRICE', 'M', '1998-05-28', '080028'),
       ('1969435', 'VANSUYT', 'YANNICK', 'M', '1999-11-18', '080061'),
       ('1970289', 'BUIGNET', 'SIMON', 'M', '1965-04-10', '080049'),
       ('1970491', 'DE BAILLIENCOURT', 'NICOLAS', 'M', '1981-07-08', '080021'),
       ('1970505', 'THERIER', 'CAROLINE', 'F', '2005-06-08', '080004'),
       ('1970510', 'CONNAN', 'PHILIPPE', 'M', '1994-02-14', '080004'),
       ('1973429', 'RAUX', 'FANNY', 'F', '1969-11-29', '080061'),
       ('1973450', 'LEBECQUE', 'MIHIDINN', 'M', '1988-02-09', '080071'),
       ('1974389', 'DELAMBRE', 'LOUISON', 'F', '1986-12-24', '080014'),
       ('1974538', 'GREBONVAL', 'LAURENCE', 'F', '2013-03-02', '080014'),
       ('1974967', 'MONCONDHUY', 'DOMINIQUE', 'M', '2002-12-13', '080028'),
       ('1977353', 'MELCHIOR', 'SYLVIE', 'F', '2009-09-13', '080014'),
       ('1980321', 'VANTARD', 'FRANCK', 'M', '2001-05-04', '080004'),
       ('1980332', 'GAMARD', 'CHRISTOPHE', 'M', '2008-09-22', '080004'),
       ('1981118', 'SKRZYNIARZ', 'FLORENCE', 'F', '1980-08-24', '080061'),
       ('1982799', 'DUBREUCQ', 'OLIVIER', 'M', '1985-08-05', '080061'),
       ('1987082', 'GROGNOT', 'SABINE', 'F', '1990-10-01', '080021'),
       ('1987090', 'CAUET', 'LAURENT', 'M', '1978-10-04', '080021'),
       ('1987101', 'NOIROT', 'LAURENT', 'M', '1993-03-17', '080021'),
       ('1987561', 'GIFFARD', 'ANA PAULA', 'F', '1985-02-12', '080061'),
       ('1991297', 'GOTTIS', 'LAURENT', 'M', '1987-11-11', '080021'),
       ('1992914', 'MILANO', 'LISE', 'F', '1993-02-14', '080014'),
       ('1992920', 'ROUXEL', 'NALDI', 'F', '1994-11-03', '080014'),
       ('1993205', 'HANNECART', 'AUDREY', 'F', '2010-03-13', '080071'),
       ('1993427', 'LAURAIN', 'LAETITIA', 'F', '1993-08-30', '080061'),
       ('1999386', 'BONNAY', 'SEVERINE', 'F', '1988-11-20', '080028'),
       ('2000417', 'BRUSSELLE', 'FREDERIC', 'M', '2006-04-25', '080028'),
       ('200222', 'LEMAIRE', 'ARTHUR', 'M', '1989-07-09', '080004'),
       ('2005519', 'VARELA FERNANDES', 'JULIETTE', 'F', '1992-09-28', '080049'),
       ('2010299', 'DELATTRE', 'CLAUDE', 'F', '1988-03-28', '080014'),
       ('2010619', 'PEETERS', 'NORDINE', 'M', '1981-12-06', '080061'),
       ('2011134', 'DUPONCHEL', 'MELANIE', 'F', '1979-10-06', '080021'),
       ('2012775', 'NONNON', 'MARIE CHRISTINE', 'F', '2010-02-17', '080028'),
       ('2012981', 'MONNEHAY', 'ESTELLE', 'F', '1996-02-16', '080049'),
       ('2012985', 'HAMIEZ', 'SAMUEL', 'M', '1986-11-16', '080049'),
       ('2016784', 'JOSSE', 'JOHANN', 'M', '2011-07-03', '080014'),
       ('2016790', 'TURBEAU', 'CORINNE', 'F', '2013-07-09', '080014'),
       ('2016795', 'BERTRAND', 'MATHILDE', 'F', '1997-03-04', '080014'),
       ('2017323', 'PRUDHOMME', 'DANIEL', 'M', '2001-10-26', '080028'),
       ('2020312', 'LE BOULAIR', 'MARYSE', 'F', '1992-02-07', '080071'),
       ('2020533', 'LECOMTE', 'MOHAMED', 'M', '2009-12-10', '080014'),
       ('2022024', 'BEAUJARD', 'ROSINE', 'F', '1998-03-06', '080014'),
       ('2023671', 'RACINE', 'JEAN REMI', 'M', '2000-03-08', '080021'),
       ('202748', 'JOLY', 'YASSINE', 'M', '1970-09-07', '080021'),
       ('2028357', 'BOURSE', 'LAURENT', 'M', '2004-06-29', '080004'),
       ('2028710', 'ALLONNEAU', 'BRIGITTE', 'F', '2000-04-02', '080004'),
       ('2029188', 'FOURNIER', 'JACK', 'M', '1985-11-17', '080021'),
       ('2029973', 'LECOIN', 'ANNE', 'F', '1980-05-06', '080014'),
       ('2030257', 'CROUTTE', 'HAMAD', 'M', '1986-07-18', '080049'),
       ('2033990', 'CABASSA', 'ROMANIE', 'F', '2009-10-20', '080028'),
       ('2034341', 'VAQUETTE', 'FABIENNE', 'F', '1979-07-01', '080061'),
       ('2037360', 'GAFFE', 'CHRISTELLE', 'F', '2010-07-18', '080014'),
       ('2038546', 'DECOUTURE', 'CLEMENT', 'M', '1993-01-30', '080028'),
       ('2038558', 'GUILLERAND', 'DIDIER', 'M', '2013-04-28', '080028'),
       ('2038843', 'CHARON', 'LANCELOT', 'M', '1988-03-21', '080049'),
       ('2038929', 'LESAGE', 'NAOMIE', 'F', '1985-09-24', '080021'),
       ('2039793', 'BOCLET', 'BENOIT', 'M', '1995-05-23', '080049'),
       ('2040756', 'TABUTEAU', 'AGNES', 'F', '1982-09-09', '080061'),
       ('2044892', 'AYMARD', 'CORINNE', 'F', '1983-02-22', '080021'),
       ('2048013', 'LE GRANDIC', 'NICOLAS', 'M', '1982-11-12', '080014'),
       ('2049060', 'DESWAERTE', 'LOUISE MARIE', 'F', '1989-06-06', '080044'),
       ('2050449', 'PIC', 'FABIEN', 'M', '2011-11-07', '080049'),
       ('2054055', 'GASTIGAR', 'FREDERIC', 'M', '1989-12-19', '080014'),
       ('2056015', 'HUET RODRIGUEZ', 'MARIE', 'F', '1995-12-18', '080044'),
       ('2056676', 'CARRUETTE', 'MARTINE', 'F', '1985-02-12', '080021'),
       ('2057461', 'MOUKAWANE', 'DIDIER', 'M', '1985-06-17', '080021'),
       ('2057667', 'DESLANDES', 'PHILIPPINE', 'F', '1991-01-12', '080061'),
       ('2059008', 'WISCART', 'PIERRE', 'M', '1993-03-25', '080044'),
       ('2059648', 'FRANCELLE', 'ALINE', 'F', '1987-07-26', '080021'),
       ('2060397', 'PEETERS', 'JEAN LUC', 'M', '2006-10-12', '080071'),
       ('2061788', 'FRANCATEL', 'CLEMENCE', 'F', '1994-02-18', '080021'),
       ('2061867', 'CARREZ', 'JULIEN', 'M', '1972-04-01', '080014'),
       ('2064281', 'LEROY', 'STEVEN', 'M', '1999-08-12', '080004'),
       ('2065395', 'GODE', 'CHRISTIAN', 'M', '1993-06-29', '080028'),
       ('2065860', 'RENAHY', 'JEAN CHRISTOPHE', 'M', '1992-10-28', '080061'),
       ('2065986', 'MOLIN', 'JEAN PAUL', 'M', '1990-10-05', '080061'),
       ('2071179', 'ABOUBI', 'SANDRINE', 'F', '1996-10-22', '080028'),
       ('2071189', 'BETOURNE', 'REGIS', 'M', '1981-05-26', '080021'),
       ('2071311', 'BIRD', 'JEAN PIERRE', 'M', '1992-09-24', '080021'),
       ('2071369', 'REID', 'CORINNE', 'F', '1985-09-29', '080021'),
       ('2071374', 'CLEMENT', 'MAEL', 'M', '1986-07-12', '080021'),
       ('2071375', 'HUK', 'VALERIE', 'F', '1992-07-18', '080028'),
       ('2071377', 'BRET', 'JEAN MARC', 'M', '1986-02-09', '080021'),
       ('2071489', 'FAUVERGUE', 'GUILHEM', 'M', '1987-03-24', '080049'),
       ('2071497', 'BARTHELEMY', 'SABRINA', 'F', '1984-06-12', '080021'),
       ('2071501', 'NEUEZ', 'CRISTELE', 'F', '1999-10-28', '080021'),
       ('2071507', 'POQUET', 'JULIE', 'F', '1989-05-17', '080021'),
       ('2071508', 'PLEE', 'CHRISTELLE', 'F', '1986-03-04', '080021'),
       ('2071637', 'TOUATI', 'DOROTHEE', 'F', '1993-07-20', '080028'),
       ('2071711', 'PILOT', 'FABIEN', 'M', '1999-05-18', '080071'),
       ('2071796', 'JOUENNE', 'JOHN', 'M', '2002-02-27', '080028'),
       ('2071798', 'TUTOIS', 'CHARLINE', 'F', '2002-01-09', '080028'),
       ('2071812', 'LECOMTE', 'CHRISTELLE', 'F', '2010-05-13', '080021'),
       ('2071865', 'MARCHAL', 'PHILIPPE', 'M', '1987-01-15', '080021'),
       ('2071968', 'DUQUESNE', 'DOMINIQUE', 'M', '1986-08-05', '080027'),
       ('2072318', 'FINET', 'ANNE SOPHIE', 'F', '1986-10-16', '080014'),
       ('2072532', 'POCHET', 'CLAIRE', 'F', '2001-11-02', '080004'),
       ('2072537', 'BARDET', 'STEPHANIE', 'F', '2004-05-08', '080004'),
       ('2072538', 'FOUET', 'ANTHONY', 'M', '2001-06-08', '080004'),
       ('2072833', 'KOZAK DOLPHIN', 'GWENAELLE', 'F', '1994-11-16', '080021'),
       ('2073046', 'SPICHER', 'EMMANUEL', 'M', '2014-06-13', '080021'),
       ('2073468', 'DUHAMEL', 'JEAN CHARLES', 'M', '1997-08-10', '080014'),
       ('2073792', 'ITSWEIRE', 'GERALD', 'M', '2003-04-01', '080004'),
       ('2073795', 'LALLIER', 'ILYAS', 'M', '1996-04-24', '080004'),
       ('2074097', 'MELET', 'ANDONIAINA MIRANA', 'F', '1996-09-30', '080061'),
       ('2074261', 'LAMPAERT', 'MICKAEL', 'M', '1989-11-14', '080014'),
       ('2074438', 'OGER', 'JULES', 'M', '1966-02-20', '080004'),
       ('2074441', 'PECOURT', 'HENRY', 'M', '2002-10-04', '080004'),
       ('2075732', 'FOURDINIER', 'VERONIQUE', 'F', '1982-04-06', '080021'),
       ('2075938', 'FLEURET', 'STEPHANIE', 'F', '1996-02-12', '080021'),
       ('2076725', 'DUPONT', 'MAXIME', 'M', '1992-02-06', '080004'),
       ('2076796', 'DA SILVA BARBOSA', 'EMMANUEL', 'M', '1970-12-23', '080021'),
       ('2077056', 'GENART', 'VINCENT', 'M', '1993-10-04', '080071'),
       ('2077084', 'KAESER', 'MIKAEL', 'M', '2010-07-26', '080004'),
       ('2077200', 'DELATTRE', 'GREGORY', 'M', '1990-02-28', '080021'),
       ('2079767', 'GAUMET', 'PASCAL', 'M', '1987-12-13', '080049'),
       ('2080071', 'GANTIER', 'MELANIE', 'F', '2014-11-23', '080004'),
       ('2080118', 'POCQUES', 'JIMMY', 'M', '2010-04-07', '080004'),
       ('2080838', 'POINTURIER', 'LAURENT', 'M', '1979-03-09', '080014'),
       ('2083400', 'GROSSI', 'GAUTHIER', 'M', '1987-02-06', '080049'),
       ('2083407', 'COLLOMB', 'CHRISTIAN', 'M', '1991-10-16', '080049'),
       ('2084069', 'HONVOH', 'ANTHONY', 'M', '1983-11-30', '080044'),
       ('2084075', 'OSSART', 'CECILIA', 'F', '1982-01-06', '080044'),
       ('2084830', 'MEDMOUN', 'SYLVIE', 'F', '1985-08-23', '080021'),
       ('2085241', 'BOSSU', 'LAURY', 'F', '1987-10-24', '080014'),
       ('2087814', 'GOUBET', 'RAPHAELE', 'F', '2014-06-27', '080004'),
       ('2087820', 'LAMAN', 'STEPHANE', 'M', '2011-02-15', '080004'),
       ('208801', 'SIRJACOBS', 'LAURENT', 'M', '1961-09-29', '080021'),
       ('208803', 'PELTIER', 'GENEVIEVE', 'F', '1962-10-16', '080061'),
       ('2090891', 'PELOSO', 'JEREMY', 'M', '1991-12-26', '080061'),
       ('2092087', 'WALLET', 'VINCENT', 'M', '2000-07-25', '080049'),
       ('2094365', 'VAN DE MOORTELE', 'LUDOVIC', 'M', '1990-07-09', '080014'),
       ('2094431', 'LE BESQ', 'STEPHANE', 'M', '1993-02-09', '080028'),
       ('2095318', 'POTAGE', 'SYLVIE', 'F', '1991-11-01', '080014'),
       ('2095355', 'ANDRIEUX', 'EMELINE', 'F', '1992-05-20', '080014'),
       ('2096068', 'HART', 'HAMADI', 'M', '2009-05-12', '080028'),
       ('2096796', 'LEROY', 'VANESSA', 'F', '1989-12-26', '080071'),
       ('2098887', 'BELET', 'ALAIN', 'M', '1968-11-01', '080014'),
       ('2099148', 'GHANDAOUI', 'NAIMA', 'F', '1993-10-25', '080028'),
       ('2099482', 'BOUREL', 'CHRISTOPHE', 'M', '1990-07-13', '080021');

Set foreign_key_checks  = 1;

